Crime ID,Month,Reported by,Falls within,Longitude,Latitude,Location,LSOA code,LSOA name,Outcome type
6a2744c9086ac04ac59478ad49017e261dc8bcc886b3700bb770cf8b56c328c8,2023-07,City of London Police,City of London Police,,,No location,,,Suspect charged
a47ba0edf6fc3756424223c4781984b3a3a70c6a7a6d5b3cb4511a40947d5a9b,2023-07,City of London Police,City of London Police,,,No location,,,Suspect charged
b95c30eb377e63d5c4d61d7d40bbe2471b536ae7e582aa01c68537019ae2a71b,2023-07,City of London Police,City of London Police,,,No location,,,Suspect charged
314bb98e14055105b4f7dfa3f010c33ad133410f51ba4a4247f091dbdd8019d3,2023-07,City of London Police,City of London Police,,,No location,,,Offender given a drugs possession warning
05221c9c370c98aa3e7b4d55d5880097b9538842cc7ee2d93cdea360951d91d9,2023-07,City of London Police,City of London Police,,,No location,,,Unable to prosecute suspect
7eafd9ea0a5445be171f0c61c76f6b6df685f060d7ad6a6fcfc0198cdc1b6828,2023-07,City of London Police,City of London Police,,,No location,,,Unable to prosecute suspect
5fe64863c0a0562449af18018886b55463a54b778e22e04295ff357bcd70b6ac,2023-07,City of London Police,City of London Police,,,No location,,,Investigation complete; no suspect identified
10dba47b3edb2266b255c803a69bbd73282430d421653423c0571e3258ff1c6f,2023-07,City of London Police,City of London Police,,,No location,,,Investigation complete; no suspect identified
f872637eae0c3a9d998c64b496daadf91081105d88445760dd52301af95c18e0,2023-07,City of London Police,City of London Police,,,No location,,,Investigation complete; no suspect identified
7b54500dc461eece530e592c2b587ef317375f82968cedc812fff810cd493811,2023-07,City of London Police,City of London Police,-0.084754,51.512882,On or near Corbet Court,E01032739,City of London 001F,Investigation complete; no suspect identified
4b9443f1ecc1e9bc535350083ec5635cfba0e7f5ef9daed2318b9a996a2e9b89,2023-07,City of London Police,City of London Police,,,No location,,,Unable to prosecute suspect
9b160affe3ee44930b8afbced2d0aea2ccca318db80522c6e2b6d90266c58421,2023-07,City of London Police,City of London Police,,,No location,,,Investigation complete; no suspect identified
5ff8613b9e1a0cb270a1f467a28e19a0d11386d909e9276d9ce6ecf42d1aa082,2023-07,City of London Police,City of London Police,,,No location,,,Investigation complete; no suspect identified
5bad2f81e04d83c5a1fd766daf0e32e06ddf6a1b85558779917b2e2701ba3aa0,2023-07,City of London Police,City of London Police,-0.098519,51.517332,On or near Little Britain,E01000001,City of London 001A,Investigation complete; no suspect identified
4dc88b30222d8b646a2ddb2608d2fb757c2d53ca49cd39b095adb95da2b828cc,2023-07,City of London Police,City of London Police,-0.072542,51.513100,On or near Further/Higher Educational Building,E01032767,Tower Hamlets 021F,Investigation complete; no suspect identified
95ffc003654319e067fe9293b11e0500686cd3359fe6c0148bd17e74ed7549b6,2023-07,City of London Police,City of London Police,-0.084844,51.510725,On or near Eastcheap,E01032739,City of London 001F,Investigation complete; no suspect identified
f4c00b5b2d6b3d51d17d02c55ad3e0da67340e6f39013f113d0f9ca8f2175509,2023-07,City of London Police,City of London Police,-0.084844,51.510725,On or near Eastcheap,E01032739,City of London 001F,Investigation complete; no suspect identified
80126acf1445be0b5f4768ca71d39015cb929cdf3d1315e1d3b538ab5d4d33f4,2023-07,City of London Police,City of London Police,-0.109164,51.517846,On or near Holborn,E01032740,City of London 001G,Unable to prosecute suspect
2b2fe576f7621deedd2bc53920b4302d6d197b66073b3d7c26be3f380d7d6e6c,2023-07,City of London Police,City of London Police,-0.108448,51.513896,On or near Pleydell Street,E01032740,City of London 001G,Unable to prosecute suspect
b7c0f262b6f7ca7c91d0444b78b573424770f3b10d8feb6915843bf2e42ea811,2023-07,City of London Police,City of London Police,-0.084754,51.512882,On or near Corbet Court,E01032739,City of London 001F,Investigation complete; no suspect identified
c1e07dbefcb9c9f8d3b5ed9d0bd1f1755f459beef7569f06e0b6ea2868656aec,2023-07,City of London Police,City of London Police,-0.081902,51.517296,On or near Liverpool Street,E01032739,City of London 001F,Investigation complete; no suspect identified
1e1e3ba24f0132177d957a284cb53ebd03a8bb19a19fd9bba20eea0c25402c81,2023-07,City of London Police,City of London Police,,,No location,,,Investigation complete; no suspect identified
835f150a2bc6f59458f5bc2d356bfdc4516dc742cc7ac74ab8b84feb758527cd,2023-07,City of London Police,City of London Police,-0.091947,51.513188,On or near Pancras Lane,E01032739,City of London 001F,Unable to prosecute suspect
b5d69c3f614bcde68540fb83608076b0ed198b762d86a925fc91b21e909ae137,2023-07,City of London Police,City of London Police,-0.095224,51.513736,On or near Shopping Area,E01032739,City of London 001F,Investigation complete; no suspect identified
e47fbbab110781ea2ac1ffdb1c517f848c30d41b9eee8a2e29a113af3b57a9c5,2023-07,City of London Police,City of London Police,-0.101359,51.518700,On or near Parking Area,E01032740,City of London 001G,Investigation complete; no suspect identified
1722cf9f855ad3f7cd04b851daf5a74b95131003122cbf7045cadee3c323710f,2023-07,City of London Police,City of London Police,-0.081113,51.516869,On or near Bishopsgate,E01032739,City of London 001F,Investigation complete; no suspect identified
2b14f9925d78ce007eece13cdec617d0bec7a9635ba1dd22f190cf25811cb634,2023-07,City of London Police,City of London Police,-0.089479,51.510864,On or near Gophir Lane,E01032739,City of London 001F,Investigation complete; no suspect identified
dbcf23bfae205bdb94d37f9cd3e2b30669c416e5007c12b2f576310f4774e55e,2023-07,City of London Police,City of London Police,-0.097291,51.514626,On or near Supermarket,E01032739,City of London 001F,Further investigation is not in the public interest
95da52e7153234882ad335bd947c929397d0e0f530fe592212a954a19a53053e,2023-07,City of London Police,City of London Police,-0.089208,51.509744,On or near Angel Lane,E01032739,City of London 001F,Investigation complete; no suspect identified
684519a889a669fa0acde360c3695a22fbdcbb33a72108c8d88a62c0d6b1b9d1,2023-07,City of London Police,City of London Police,-0.081808,51.520567,On or near Pindar Street,E01032739,City of London 001F,Investigation complete; no suspect identified
23d94ef6719094ec92bffef9aef899b3318010a947b25df1bd1c91eb3aa3d540,2023-07,City of London Police,City of London Police,-0.109164,51.517846,On or near Holborn,E01032740,City of London 001G,Investigation complete; no suspect identified
708616223c781304d2fcb93a65b5effb002426a64464d4b2a719b0a335eb5bdd,2023-07,City of London Police,City of London Police,-0.097176,51.510836,On or near Trig Lane,E01032739,City of London 001F,Investigation complete; no suspect identified
69dc6e5beb551c09b582772ae4ef37606d843cb5fb69f17ee822af3c4eda668e,2023-07,City of London Police,City of London Police,-0.091947,51.513188,On or near Pancras Lane,E01032739,City of London 001F,Investigation complete; no suspect identified
9baa3197d222b84a2e9d7bc25ce3629373820bb52cf3a352031192df37461e55,2023-07,City of London Police,City of London Police,-0.084844,51.509700,On or near Monument Street,E01032739,City of London 001F,Investigation complete; no suspect identified
b9791e78e5d009a62dd3478c838b94d877ede7e3ee7ab76193681bd67a6d0c9b,2023-07,City of London Police,City of London Police,-0.077563,51.517656,On or near Sandy's Row,E01032739,City of London 001F,Investigation complete; no suspect identified
fdd39c115ddac1f60ae93dcdd34055e0f7d3649a0d31e78476c5e3beebe40069,2023-07,City of London Police,City of London Police,-0.100201,51.513286,On or near Dean's Court,E01032739,City of London 001F,Investigation complete; no suspect identified
5fbdd44647c123f4297ceeb18c29be0362013fa7f0e94bd67be762a872e01596,2023-07,City of London Police,City of London Police,-0.094070,51.513079,On or near Watling Street,E01032739,City of London 001F,Investigation complete; no suspect identified
84f5f3602d593856516ca700d888321c61c02589ec2c0520cfa037e23c4004e5,2023-07,City of London Police,City of London Police,-0.079883,51.517326,On or near New Street,E01032739,City of London 001F,Formal action is not in the public interest
cd555e046d90470704d059337d11b9483c1970cf7920870b62610af828c169bf,2023-07,City of London Police,City of London Police,-0.074925,51.514924,On or near St Botolph Street,E01000005,City of London 001E,Investigation complete; no suspect identified
3bbcad9dbe79290239225550da093f18cddc143339b0706d7883da66cb6bb3d9,2023-07,City of London Police,City of London Police,-0.097291,51.514626,On or near Supermarket,E01032739,City of London 001F,Investigation complete; no suspect identified
bc0ef0ea58b7b9b85196044290a1874d9cfd75a237930c2842d3eb8ae5fc55bf,2023-07,City of London Police,City of London Police,-0.108450,51.514202,On or near Fleet Street,E01032740,City of London 001G,Investigation complete; no suspect identified
40e35c49d837a62da0a8aae2a69887f592ebee48343ed7568622e8c4a7029836,2023-07,City of London Police,City of London Police,-0.090553,51.518948,On or near Moor Lane,E01000002,City of London 001B,Investigation complete; no suspect identified
d5cd539171f14f01dffed60153ed91bf6bf30664db72c0955454354d1ca3b68c,2023-07,City of London Police,City of London Police,-0.102134,51.513929,On or near Ludgate Hill,E01032739,City of London 001F,Investigation complete; no suspect identified
e0c844a66b33682e883e291cbf394aecab311e113d0a1a66b77314c90f3e713a,2023-07,City of London Police,City of London Police,-0.081113,51.516869,On or near Bishopsgate,E01032739,City of London 001F,Investigation complete; no suspect identified
0ba0c75a83b904a5e290bfadbed98b23ae7d074047df9c432b3c61642c93f9b4,2023-07,City of London Police,City of London Police,-0.094130,51.519961,On or near Theatre/Concert Hall,E01000002,City of London 001B,Investigation complete; no suspect identified
1b6e1439f2eadd16f0d1131eec9e2a4a519f624e6225c8ac22d15b06539a9240,2023-07,City of London Police,City of London Police,-0.081512,51.518692,On or near London Liverpool Street,E01032739,City of London 001F,Investigation complete; no suspect identified
aff4640afc87dd0c30662aa6c989e20d618c7b1f070c437a3402f1ce84aa85c6,2023-07,City of London Police,City of London Police,-0.081512,51.518692,On or near London Liverpool Street,E01032739,City of London 001F,Investigation complete; no suspect identified
69db2ff351d75bbaadf820c5a9b04e0d69297f6ac668d4c67ab9a6e3e9a65f7e,2023-07,City of London Police,City of London Police,-0.100888,51.514448,On or near Amen Corner,E01032739,City of London 001F,Investigation complete; no suspect identified
6dce8b538322dd95a2008c74d8c36e8be21a368b993887c9a1294985e1bd6631,2023-07,City of London Police,City of London Police,-0.101359,51.518700,On or near Parking Area,E01032740,City of London 001G,Investigation complete; no suspect identified
69441ac3650a9dc48f756c9a0a1d6a9119d757dce0ee3b91222dc7d686998135,2023-07,City of London Police,City of London Police,-0.094900,51.513209,On or near Bread Street,E01032739,City of London 001F,Investigation complete; no suspect identified
4f5fc159b4acf477bdd2e40320fd9b3a9bc6feb4e0d76f1097a0aa88d91cad06,2023-07,City of London Police,City of London Police,-0.082993,51.516360,On or near Wormwood Street,E01032739,City of London 001F,Unable to prosecute suspect
8fcfe7e691eed9a63764bd5cc23d89814f838b7d7e3ae5b950398595b5aec7d0,2023-07,City of London Police,City of London Police,,,No location,,,Investigation complete; no suspect identified
f9915bae12b39af8e30b48abee5d220224839de24e10b6ae91ad6b6649070d87,2023-07,City of London Police,City of London Police,-0.086815,51.517007,On or near Circus Place,E01032739,City of London 001F,Investigation complete; no suspect identified
196c01fda7d6f7eff8e065b4fb0f25d6dc8b33f5f33971f8717ba0860fac4ec3,2023-07,City of London Police,City of London Police,-0.087157,51.512624,On or near Lombard Street,E01032739,City of London 001F,Investigation complete; no suspect identified
fc145dbffc231df825877c022bca64370f3bc8667ef28760823b128f3fd136c5,2023-07,City of London Police,City of London Police,-0.097144,51.515062,On or near St Paul's,E01000001,City of London 001A,Investigation complete; no suspect identified
f3f789509c8d16ad3a371d6557b88756bb27c9b7d3ac7c1deb79ddfdb9b7559b,2023-07,City of London Police,City of London Police,-0.083977,51.510441,On or near Lovat Lane,E01032739,City of London 001F,Unable to prosecute suspect
92e1953dfc1b02d3c9daca91175cf3133706ed1688c2a065eaf721b1f683f511,2023-07,City of London Police,City of London Police,-0.084836,51.511939,On or near Shopping Area,E01032739,City of London 001F,Investigation complete; no suspect identified
f8819fb5177a55996e8da19ebaee755ad021a409a860668c0469b6cff30c2f9d,2023-07,City of London Police,City of London Police,-0.089208,51.509744,On or near Angel Lane,E01032739,City of London 001F,Investigation complete; no suspect identified
b36d5f0928816d3996823aedcb1b53080c8eef515f00e6b77f2f86155e5a0ef5,2023-07,City of London Police,City of London Police,-0.085228,51.511190,On or near Talbot Court,E01032739,City of London 001F,Investigation complete; no suspect identified
6a87ab4e8481c9b2e12c0d87c572335a829b9c68f5d24d3e85a43c1f2e9fa1ca,2023-07,City of London Police,City of London Police,-0.079883,51.517326,On or near New Street,E01032739,City of London 001F,Investigation complete; no suspect identified
62e53fa074c9c610593cb11afebcae74f766ae072b56d57d2eab38c6fbde2ab4,2023-07,City of London Police,City of London Police,-0.079138,51.508312,On or near Lower Thames Street,E01032739,City of London 001F,Investigation complete; no suspect identified
e2962ea37aedd0ddfd673cd7f20e7bba574b85597395fc7a3eb5f5e223cb593e,2023-07,City of London Police,City of London Police,-0.081643,51.510070,On or near Great Tower Street,E01032739,City of London 001F,Investigation complete; no suspect identified
50b8275e25667345484f3765ccf87083d630341d97a35f692f6767e9d4bf035a,2023-07,City of London Police,City of London Police,-0.086019,51.513631,On or near Finch Lane,E01032739,City of London 001F,Investigation complete; no suspect identified
f5b33ef30e752de4c0dcf1eb1df3f46f0f875404e4134ef49a4544812417e3b1,2023-07,City of London Police,City of London Police,-0.086815,51.517007,On or near Circus Place,E01032739,City of London 001F,Investigation complete; no suspect identified
833316fdb3c47600881d2953fbe97b5226ffe5f6d18e3f585ae49a38e3b07ac1,2023-07,City of London Police,City of London Police,-0.081512,51.518692,On or near London Liverpool Street,E01032739,City of London 001F,Investigation complete; no suspect identified
111110c8af493df2f819d757aa62ab70167ac94ef18673a6ade9905d837f7c15,2023-07,City of London Police,City of London Police,-0.090578,51.509722,On or near Allhallows Lane,E01032739,City of London 001F,Investigation complete; no suspect identified
b3afd12c4c9e4133f882a8f36a44e701d680831badf8e195e32218ee50938bbd,2023-07,City of London Police,City of London Police,-0.081113,51.516869,On or near Bishopsgate,E01032739,City of London 001F,Unable to prosecute suspect
661d78a686e678fd540f4b81b40cb48a2c2089b42d443b1181626e9671d209fa,2023-07,City of London Police,City of London Police,-0.079907,51.517785,On or near Victoria Avenue,E01032739,City of London 001F,Further investigation is not in the public interest
b57d0958b8adacaba4353b7129933613eda2bc7d95807123a94f5870f7b4a323,2023-07,City of London Police,City of London Police,-0.095924,51.513882,On or near Shopping Area,E01032739,City of London 001F,Further investigation is not in the public interest
55a6b05ee5cfd66ec0df1d5d5bc5429f171d2fddfb1c63c104dd1fa4a55f2720,2023-07,City of London Police,City of London Police,-0.084844,51.510725,On or near Eastcheap,E01032739,City of London 001F,Investigation complete; no suspect identified
015444c9f62acf5f972a61e7380917d6e3c97c38a05916b174fc08f7eada7c80,2023-07,City of London Police,City of London Police,-0.075453,51.511965,On or near Minories,E01000005,City of London 001E,Investigation complete; no suspect identified
c2bd364844c165398d2f3a4599e3a8d01060cc55882ae1b94b054cca337f2dee,2023-07,City of London Police,City of London Police,-0.108027,51.511884,On or near Temple Avenue,E01032740,City of London 001G,Formal action is not in the public interest
9b2e0b6558b2903a42c9b92646b3027a2adcad05c2c5487e0d845740b17b95ba,2023-07,City of London Police,City of London Police,,,No location,,,Formal action is not in the public interest
c9f81c23ea93abad54fd4db00ef08b57d8b16840067bff11480a4ce7328f88c8,2023-07,City of London Police,City of London Police,-0.078278,51.513666,On or near Mitre Street,E01032739,City of London 001F,Investigation complete; no suspect identified
dcfe50f7596dbdd1d8eefa1ec359bde39d392f510bf230f473a422bfba5c7413,2023-07,City of London Police,City of London Police,-0.081113,51.516869,On or near Bishopsgate,E01032739,City of London 001F,Investigation complete; no suspect identified
62c913d3abb7e353af5aeb55bb4bd199712ca0ed1519084305537a0557f932f2,2023-07,City of London Police,City of London Police,-0.077563,51.517656,On or near Sandy's Row,E01032739,City of London 001F,Investigation complete; no suspect identified
5a7ec04887a0a4dcccc690d977cde3bdd0f5ab24db2df1aaff4c95ebf554c383,2023-07,City of London Police,City of London Police,-0.088785,51.517102,On or near Moorgate,E01032739,City of London 001F,Unable to prosecute suspect
76b503b9f72570329ac58c7cf87ae39968f2dee31b88ea1a828f1bcdfbeb235c,2023-07,City of London Police,City of London Police,-0.088785,51.517102,On or near Moorgate,E01032739,City of London 001F,Unable to prosecute suspect
9b0f415ef3d36de0818552860110ca444f629b808630a944355f7af88c2b9e70,2023-07,City of London Police,City of London Police,-0.076716,51.515178,On or near Gravel Lane,E01000005,City of London 001E,Investigation complete; no suspect identified
37409b4c9b0adcef8cf32a54a5b1ce8171a21c7403c3f41f7a9a52bcb766125a,2023-07,City of London Police,City of London Police,-0.079138,51.508312,On or near Lower Thames Street,E01032739,City of London 001F,Investigation complete; no suspect identified
682c25eb0938099cd03034faa7ee98e0b558a9c949c1bb0e242b28ea739d5157,2023-07,City of London Police,City of London Police,-0.081643,51.510070,On or near Great Tower Street,E01032739,City of London 001F,Investigation complete; no suspect identified
250cfc8c00444d3941650f45fbff14bcbdbaaf33a53a08aa9ab6c8860be8afa1,2023-07,City of London Police,City of London Police,-0.091823,51.514427,On or near Ironmonger Lane,E01032739,City of London 001F,Unable to prosecute suspect
09592c47b6d481f19009c887653545afdf5c0f278b7838ea905dc6361ce3df06,2023-07,City of London Police,City of London Police,-0.079521,51.511196,On or near New London Street,E01032739,City of London 001F,Investigation complete; no suspect identified
add8c26b4d6f08f14aaa6886f65d2d5d4d63c867f5e336d5f56fe371f22597e6,2023-07,City of London Police,City of London Police,-0.089208,51.509744,On or near Angel Lane,E01032739,City of London 001F,Investigation complete; no suspect identified
aa4b0ca9ed0c7defae10b145938f890162d58146d6725d2325fa52312f76c498,2023-07,City of London Police,City of London Police,-0.083977,51.510441,On or near Lovat Lane,E01032739,City of London 001F,Unable to prosecute suspect
e49041030c76fd08df33dc71cc19cb4477060ad03707334845edd55caee93f4e,2023-07,City of London Police,City of London Police,-0.096501,51.513874,On or near New Change,E01032739,City of London 001F,Unable to prosecute suspect
a7cde0ee3cc8d89e63d91c54f0c60f50e7cd5c3898c87429ba6b99180ff972c0,2023-07,City of London Police,City of London Police,-0.074330,51.513647,On or near Little Somerset Street,E01000005,City of London 001E,Investigation complete; no suspect identified
cff33a79283e7659cba84307a4250a20234b0cfd3302ed05923aaf796c847bb2,2023-07,City of London Police,City of London Police,-0.112096,51.515942,On or near Nightclub,E01000914,Camden 028B,Action to be taken by another organisation
3e262e696136bb0848923e1788c21e171ff43c79faab1dbcda07c0f6f167a07c,2023-07,City of London Police,City of London Police,,,No location,,,Investigation complete; no suspect identified
3f981d9a420443d0650f47eebe1155af51fa1eaf60935d9fe5d3578add664b6c,2023-07,City of London Police,City of London Police,-0.095924,51.513882,On or near Shopping Area,E01032739,City of London 001F,Investigation complete; no suspect identified
b9391a5622814a98531d9c0af9b58ebdbb0d7b1a240feaa75b6bd7fa76abbfbe,2023-07,City of London Police,City of London Police,-0.101589,51.513515,On or near Ludgate Square,E01032739,City of London 001F,Investigation complete; no suspect identified
70200c3e9bf47dfca39ecf1b783727c707461ebc74f4d79fb90c6744aa730c15,2023-07,City of London Police,City of London Police,-0.083977,51.510441,On or near Lovat Lane,E01032739,City of London 001F,Investigation complete; no suspect identified
fd0bac0b7f7b66fb168a99ab684a4a1ac33c4a8b63c0780815846b207a76a4eb,2023-07,City of London Police,City of London Police,-0.081113,51.516869,On or near Bishopsgate,E01032739,City of London 001F,Action to be taken by another organisation
3926b9120bb5e7eed1819118aaf2851ded5f69eff50694e7a4f4daa3d5a7865a,2023-07,City of London Police,City of London Police,-0.101589,51.513515,On or near Ludgate Square,E01032739,City of London 001F,Unable to prosecute suspect
f7ab4d53ab5dc39bc139011d00cf281edad1380d2c5c80cfd4580295ce9f9ee9,2023-07,City of London Police,City of London Police,-0.082993,51.516360,On or near Wormwood Street,E01032739,City of London 001F,Investigation complete; no suspect identified
fbc967757614e412a74cdde889dc3d116c77d948a1b1b79c3987d1320e2c1cfa,2023-07,City of London Police,City of London Police,-0.078495,51.517770,On or near Further/Higher Educational Building,E01032739,City of London 001F,Investigation complete; no suspect identified
b3135f860c6b0dac386073cf14f29a5e1daf31b5cc50393ae1c333a79682ec29,2023-07,City of London Police,City of London Police,,,No location,,,Action to be taken by another organisation
5df9422c124a8d25d5d8806bccc4506fb83865a68f75df2577a755225c2999a3,2023-07,City of London Police,City of London Police,-0.096718,51.515511,On or near Conference/Exhibition Centre,E01000001,City of London 001A,Unable to prosecute suspect
174dd617369e7f5d81d45e50b486f47eca22807a867b2eaed5d79b471e7c8c16,2023-07,City of London Police,City of London Police,-0.079907,51.517785,On or near Victoria Avenue,E01032739,City of London 001F,Unable to prosecute suspect
7e9423a8c91da19ba4f79c3981e06e82c929869ba39daf36b3a8489ac865a07c,2023-07,City of London Police,City of London Police,-0.101393,51.512685,On or near St Andrew's Hill,E01032739,City of London 001F,Investigation complete; no suspect identified
667d144caba154d53f12b60672360de57c99bc64ae57c564534723e7f584b7fd,2023-07,City of London Police,City of London Police,-0.061215,51.519078,On or near Shopping Area,E01004208,Tower Hamlets 013C,Unable to prosecute suspect
b2ff6f4a2d3463800fcecb8316c5a081f01578be3f1989e364ec9456d939db24,2023-07,City of London Police,City of London Police,-0.083977,51.510441,On or near Lovat Lane,E01032739,City of London 001F,Unable to prosecute suspect
d45499c5dc83c48b31fa4adc12fda495b78d378067ce795ade142b5b390bf552,2023-07,City of London Police,City of London Police,-0.085228,51.511190,On or near Talbot Court,E01032739,City of London 001F,Investigation complete; no suspect identified
5f39dc8c7db98be6300b6d85eaff8285a98564f6a783b8f2f61223e45de66b8b,2023-07,City of London Police,City of London Police,-0.112019,51.516067,On or near Chancery Lane,E01032740,City of London 001G,Investigation complete; no suspect identified
f198d25597ccfeef521ddba3b816ac8dc20cad2a93f03d1e4ee0fc8d48ae3b1c,2023-07,City of London Police,City of London Police,-0.078757,51.520455,On or near Spital Square,E01004307,Tower Hamlets 015B,Unable to prosecute suspect
7b72d8fc0922e3f986497203054fbedd296b47a50ae5a6821df1568b3e137cb3,2023-07,City of London Police,City of London Police,-0.079907,51.517785,On or near Victoria Avenue,E01032739,City of London 001F,Action to be taken by another organisation
5e4915156170f0e4e46d6b6187f57ff831c851ae5d00ab4d63ae0ceea90aa6b7,2023-07,City of London Police,City of London Police,-0.100201,51.513286,On or near Dean's Court,E01032739,City of London 001F,Investigation complete; no suspect identified
ad47369b8f64a4a48ac14e166ef8a22ecd3504a693aeb589a3b4021ef8932809,2023-07,City of London Police,City of London Police,-0.104980,51.512033,On or near Kingscote Street,E01032740,City of London 001G,Investigation complete; no suspect identified
b0c4cac0501df55aae3da9fa9be01669375b93bd6a5ae8523caf5e27a0d11569,2023-07,City of London Police,City of London Police,-0.109297,51.515681,On or near Fetter Lane,E01032740,City of London 001G,Investigation complete; no suspect identified
b83cbf46c059c2ebabb4eed0b32b60200a0d4a5033f7319e921c3b315ebf1d72,2023-07,City of London Police,City of London Police,-0.100201,51.513286,On or near Dean's Court,E01032739,City of London 001F,Investigation complete; no suspect identified
967449b07fbcfa517f15a7292f41366dbbb23906f3b960574d2ab7bb002f2b7f,2023-07,City of London Police,City of London Police,-0.079883,51.517326,On or near New Street,E01032739,City of London 001F,Investigation complete; no suspect identified
9a510befafcb63d6887a7f159aa6ee78867aa400585c553964be66ec3cbc92ad,2023-07,City of London Police,City of London Police,-0.077372,51.512590,On or near Carlisle Avenue,E01032739,City of London 001F,Investigation complete; no suspect identified
6ae49eaa93a9778972a96304b2517e9c00fed27f38564eda6711faa3adb6eb36,2023-07,City of London Police,City of London Police,-0.082133,51.515222,On or near St Helen's Place,E01032739,City of London 001F,Investigation complete; no suspect identified
e2032f262ca3abc8678cf2d3ab73ac2ba055266f84b8ea45990073dec121a9e1,2023-07,City of London Police,City of London Police,-0.095224,51.513736,On or near Shopping Area,E01032739,City of London 001F,Investigation complete; no suspect identified
97631cc236d724a0f4d16a468300d9c3c4aa7f67fc6addcf3a306733ac550c55,2023-07,City of London Police,City of London Police,-0.091495,51.518145,On or near Fore Street,E01000002,City of London 001B,Unable to prosecute suspect
bc133ee2606149a2dfcf3f5d7c638a5ac42901a20987205890f299c0b85df6be,2023-07,City of London Police,City of London Police,-0.091947,51.513188,On or near Pancras Lane,E01032739,City of London 001F,Investigation complete; no suspect identified
9a3c9b2c9e053645b396fc2749b1090674b332a731abc44123fb6b60e6c5f3aa,2023-07,City of London Police,City of London Police,-0.081113,51.516869,On or near Bishopsgate,E01032739,City of London 001F,Investigation complete; no suspect identified
f42a18535055ba628a868fec20a3a9707fb374d45a426dc44fc2e6a914693374,2023-07,City of London Police,City of London Police,-0.092531,51.512658,On or near Queen Street,E01032739,City of London 001F,Investigation complete; no suspect identified
6ad197697f56041bd1dc422d05dcfb384d7428ee9da3476a6bf77de6a51a697c,2023-07,City of London Police,City of London Police,-0.106076,51.517239,On or near Conference/Exhibition Centre,E01032740,City of London 001G,Investigation complete; no suspect identified
1ec04144b8ef33aef24a5aa585cffbf1296bda261e41871189af9fa5bd57a6a4,2023-07,City of London Police,City of London Police,-0.095224,51.513736,On or near Shopping Area,E01032739,City of London 001F,Investigation complete; no suspect identified
3058d404723f9b6b94f18ff8019ab5f1bb7d3775835dffef7f49d7b6df65cc93,2023-07,City of London Police,City of London Police,-0.108450,51.514202,On or near Fleet Street,E01032740,City of London 001G,Investigation complete; no suspect identified
52e203db89bc5e05e996a54efb87ff5992c0e1ab272f2a28db63bfdf603a9056,2023-07,City of London Police,City of London Police,-0.101589,51.513515,On or near Ludgate Square,E01032739,City of London 001F,Investigation complete; no suspect identified
144eedc7e1c09ca7b046c31603a14d51f21189c2f1f19285d70ba5647f101861,2023-07,City of London Police,City of London Police,-0.074039,51.508588,On or near Tower Bridge Approach,E01004293,Tower Hamlets 027B,Investigation complete; no suspect identified
b5de391715833774973cfe1f0589d725803dab8487b7aa995c0e7e89ca29599c,2023-07,City of London Police,City of London Police,-0.094759,51.521435,On or near Brackley Street,E01000003,City of London 001C,Investigation complete; no suspect identified
71d710a223bb08fdbd702c4a7c70fd3bcf78e4d9b2ea78d8ba49c859b308d1d8,2023-07,City of London Police,City of London Police,-0.090105,51.520001,On or near Milton Court,E01000002,City of London 001B,Investigation complete; no suspect identified
f53220b2a69ba6eaaee0274a92e56875434ef8f989d0e7db2d1cd542688667f1,2023-07,City of London Police,City of London Police,-0.095924,51.513882,On or near Shopping Area,E01032739,City of London 001F,Investigation complete; no suspect identified
f91752ec61dfc99e134170de898d228efce7499cbe1b19c4c24d68a476ad3fb0,2023-07,City of London Police,City of London Police,-0.081902,51.517296,On or near Liverpool Street,E01032739,City of London 001F,Investigation complete; no suspect identified
e0f1f1c40a8694f716348081aca93e4913e641e9257c13d58ea259e212f04399,2023-07,City of London Police,City of London Police,-0.087772,51.510665,On or near Martin Lane,E01032739,City of London 001F,Investigation complete; no suspect identified
ee42643157add65f750785072174fc7d8fd48b5425393fc03395c84f009f25bc,2023-07,City of London Police,City of London Police,-0.073530,51.510405,On or near Parking Area,E01000005,City of London 001E,Investigation complete; no suspect identified
ad07303ae5eb60410aa0a705b62485b8f2c531d4d0abf664a3250653083d3512,2023-07,City of London Police,City of London Police,-0.073530,51.510405,On or near Parking Area,E01000005,City of London 001E,Investigation complete; no suspect identified
b34d435e01b96165696ee02aa01d984b5de8945009694d08c55317fde3acb95d,2023-07,City of London Police,City of London Police,-0.080365,51.508943,On or near Parking Area,E01032739,City of London 001F,Investigation complete; no suspect identified
08884383a23e41d4de47b0c30c81fa5cc0f53e6fa3376ab1b23e481f1382eece,2023-07,City of London Police,City of London Police,-0.084754,51.512882,On or near Corbet Court,E01032739,City of London 001F,Investigation complete; no suspect identified
461702e2e78c47c4f2cffe749877bc1da92311ee8116ea82462132e96f54b4d2,2023-07,City of London Police,City of London Police,-0.096501,51.513874,On or near New Change,E01032739,City of London 001F,Further investigation is not in the public interest
aa0c18499ea0246c67a1f9c3b000daf5fc4cfa65e6371cbad1ea248b30357fa5,2023-07,City of London Police,City of London Police,-0.073456,51.513542,On or near Little Somerset Street,E01000005,City of London 001E,Unable to prosecute suspect
5b9c33820c234642b4c0931ab00998d69ac8b5ea5876676afa7f70ccb190c963,2023-07,City of London Police,City of London Police,-0.108069,51.515041,On or near Gough Square,E01032740,City of London 001G,Investigation complete; no suspect identified
0c8dcbcf3ad41f8f28291afddcd564dde3e98e13ff81ffc21c9d8e4ca53a24c5,2023-07,City of London Police,City of London Police,-0.081113,51.516869,On or near Bishopsgate,E01032739,City of London 001F,Investigation complete; no suspect identified
663a58e85ef27eb1d3cc26115470e6594704258a09049ff038a458023fefcea1,2023-07,City of London Police,City of London Police,-0.094130,51.519961,On or near Theatre/Concert Hall,E01000002,City of London 001B,Investigation complete; no suspect identified
682464104543cd62fd293db82fd8b48c6195b243d934f55ca323c4b0699fb567,2023-07,City of London Police,City of London Police,,,No location,,,Investigation complete; no suspect identified
6f0b7fc9b753d31952263a55d7c883c4d90b2f75fb4ff549da9829ed2d82d772,2023-07,City of London Police,City of London Police,-0.094017,51.520901,On or near Theatre/Concert Hall,E01000003,City of London 001C,Investigation complete; no suspect identified
240a4716157f32458935a398c60f99b2d943b598bc1227f4502c776530dc2f2b,2023-07,City of London Police,City of London Police,-0.081113,51.516869,On or near Bishopsgate,E01032739,City of London 001F,Investigation complete; no suspect identified
9d36b524918dabcbb644d39a75e77e2af1879816b4161ec704479b853d57c586,2023-07,City of London Police,City of London Police,-0.095924,51.513882,On or near Shopping Area,E01032739,City of London 001F,Investigation complete; no suspect identified
14ddffdaad114fb143c25b0e97c03338c008ab333c82c3c5571529979ebde2bb,2023-07,City of London Police,City of London Police,-0.095924,51.513882,On or near Shopping Area,E01032739,City of London 001F,Investigation complete; no suspect identified
12a2c22990f8c3f37731fd60f54ee8aa599ca9e1d8067695efc2aef735625555,2023-07,City of London Police,City of London Police,-0.095924,51.513882,On or near Shopping Area,E01032739,City of London 001F,Investigation complete; no suspect identified
a40c64c1a8e57bae1a51379cfa18809ea085d78af1a7cd4db6957bc0cc7526e0,2023-07,City of London Police,City of London Police,-0.077511,51.515812,On or near Artizan Street,E01000005,City of London 001E,Unable to prosecute suspect
e52d9f324eee79da4b0fe9801590de438dc302cb8149c458ef0b2419bbb5517c,2023-07,City of London Police,City of London Police,-0.076145,51.512642,On or near India Street,E01000005,City of London 001E,Investigation complete; no suspect identified
5f1aef3157cc5658e947fe0b399eee80d8d993d42248147f85e1adb638c353a9,2023-07,City of London Police,City of London Police,-0.081113,51.516869,On or near Bishopsgate,E01032739,City of London 001F,Investigation complete; no suspect identified
5184acb71dfdd492573c3bf5cd98a38044f38d650f1b4af1ce26875af0f6b830,2023-07,City of London Police,City of London Police,-0.089208,51.509744,On or near Angel Lane,E01032739,City of London 001F,Investigation complete; no suspect identified
f192f776952cc28ee47ed0c6a28faae6ce819f7d2d30850a952a2a1cd6934c7e,2023-07,City of London Police,City of London Police,-0.102272,51.511656,On or near Puddle Dock,E01032739,City of London 001F,Investigation complete; no suspect identified
4d7830a20e895b438d7b8f046fa1d8eb0c5dec38e25528812dac202f5bc2f529,2023-07,City of London Police,City of London Police,-0.079521,51.511196,On or near New London Street,E01032739,City of London 001F,Investigation complete; no suspect identified
01d8621525f0c99c398a9393a0c4cea1a64aaffc172f75f64422702a845e58a0,2023-07,City of London Police,City of London Police,-0.075401,51.511164,On or near Supermarket,E01000005,City of London 001E,Investigation complete; no suspect identified
e53f75c5c350aaef3ee8cb5c71538ff8631fcbf7796eaffe08ad45b00445c1f0,2023-07,City of London Police,City of London Police,-0.091540,51.511896,On or near Cannon Street,E01032739,City of London 001F,Investigation complete; no suspect identified
9253848fdeea85e8db15673f942cd69cc9b40eb3189506e4710be1e7f4b12a39,2023-07,City of London Police,City of London Police,-0.079907,51.517785,On or near Victoria Avenue,E01032739,City of London 001F,Investigation complete; no suspect identified
c27416310b6fbcfb24169dc9b44c0d7aceeaace792a07e2c0480550a0c395afb,2023-07,City of London Police,City of London Police,,,No location,,,Investigation complete; no suspect identified
f0c35d1b7d21f04e2f9d60934299143bdbceb8bf8d09cb0af5fb6c4d79e4c243,2023-07,City of London Police,City of London Police,-0.094070,51.513079,On or near Watling Street,E01032739,City of London 001F,Investigation complete; no suspect identified
96fe1cf2cdcffa714c434dc3945fe30cb17d4edd08fec9f5c23df58fad12b8d0,2023-07,City of London Police,City of London Police,-0.091498,51.520483,On or near Conference/Exhibition Centre,E01000002,City of London 001B,Investigation complete; no suspect identified
93501af72770a04be90e2b846b5e0b79847a4cab2b150d3446527b5be153f1c5,2023-07,City of London Police,City of London Police,-0.096367,51.515355,On or near Foster Lane,E01000001,City of London 001A,Investigation complete; no suspect identified
68458e32c697b2cee2884d50226ef570b4980daa063be6cc1b1c73d6da294647,2023-07,City of London Police,City of London Police,-0.081512,51.518692,On or near London Liverpool Street,E01032739,City of London 001F,Unable to prosecute suspect
57054d19148df29213c692d1b5db256d9b633315ffda542f68aede4d60a7c693,2023-07,City of London Police,City of London Police,-0.084836,51.511939,On or near Shopping Area,E01032739,City of London 001F,Investigation complete; no suspect identified
c498d7ec6fd2edf043a82064e73dc0a6ac1eb81169e58edbf5b91c487b05ace9,2023-07,City of London Police,City of London Police,-0.086815,51.517007,On or near Circus Place,E01032739,City of London 001F,Investigation complete; no suspect identified
7d96bcd63606d23b1820833432e0793ba68f1e82565d36516643c703767e2a8d,2023-07,City of London Police,City of London Police,-0.088903,51.510836,On or near Laurence Pountney Hill,E01032739,City of London 001F,Investigation complete; no suspect identified
1f4d70fbcbed109f64808bcdc4c0f7d45cc2833f7168c91d5a546fcfec919fe9,2023-07,City of London Police,City of London Police,-0.095924,51.513882,On or near Shopping Area,E01032739,City of London 001F,Investigation complete; no suspect identified
aed095bdb4b9da12276dfffd565d010acbb9ed435f6b2ec3d10dc6e9fd741b42,2023-07,City of London Police,City of London Police,-0.112677,51.505035,On or near Further/Higher Educational Building,E01003016,Lambeth 036C,Unable to prosecute suspect
3c867b41ad202f4a6a6653959e3f5308a9a78680eb77c9cf7504fcdc06c5dbd9,2023-07,City of London Police,City of London Police,-0.090578,51.509722,On or near Allhallows Lane,E01032739,City of London 001F,Unable to prosecute suspect
028444fe6efb1fa931618536b670068a848c6227c6b517eb5c51992efaecfff2,2023-07,City of London Police,City of London Police,-0.109913,51.516806,On or near Norwich Street,E01032740,City of London 001G,Investigation complete; no suspect identified
0a8e4e74e4ff6ce774377727b2fafb9a310d7fda535446b2924c873929a025e5,2023-07,City of London Police,City of London Police,-0.090578,51.509722,On or near Allhallows Lane,E01032739,City of London 001F,Unable to prosecute suspect
4dcf66735f1070ce12f3d30b0853ced0a3f9c9f6ca39676b102e54ccbcc25864,2023-07,City of London Police,City of London Police,-0.094070,51.513079,On or near Watling Street,E01032739,City of London 001F,Investigation complete; no suspect identified
d6b3d402a8ddd4d0382f3e8b847428513b155c6928c12d6d497caf3b31d726c7,2023-07,City of London Police,City of London Police,-0.089208,51.509744,On or near Angel Lane,E01032739,City of London 001F,Unable to prosecute suspect
f7b85320c8aefe6f13010d61c5d1649b77f5fdaeb01e96a77df4a4630ba11d0e,2023-07,City of London Police,City of London Police,-0.101589,51.513515,On or near Ludgate Square,E01032739,City of London 001F,Investigation complete; no suspect identified
d2436a7c2b77f3138c1d8e451561470ec6fe37272b46621a76a6badf565b764e,2023-07,City of London Police,City of London Police,-0.105131,51.513941,On or near Bride Lane,E01032740,City of London 001G,Investigation complete; no suspect identified
2386ad4d251a1193a926dc280ebadf5eb9e10e856d37e063d89873395562fdd7,2023-07,City of London Police,City of London Police,-0.085228,51.511190,On or near Talbot Court,E01032739,City of London 001F,Investigation complete; no suspect identified
0590daa06d8ba6092958803b3dae4f370c5f8b8b83b3bff0812b6ee2068fa576,2023-07,City of London Police,City of London Police,-0.107682,51.517786,On or near B521,E01000917,Camden 027C,Action to be taken by another organisation
6ec8dd2cae1a5ef78d7095f33084318bd4ec3aaad83ca8e5b74eff4883be728b,2023-07,City of London Police,City of London Police,-0.085228,51.511190,On or near Talbot Court,E01032739,City of London 001F,Investigation complete; no suspect identified
d16805ccec2145313dfa8f75ba50fcb59db61950138103adfe26f50a61b86393,2023-07,City of London Police,City of London Police,-0.077563,51.517656,On or near Sandy's Row,E01032739,City of London 001F,Unable to prosecute suspect
0f25df1ad9de4972b35d914fbd8a753f5429ef3fc8b3047b9cb64159d2b12d1a,2023-07,City of London Police,City of London Police,-0.091498,51.520483,On or near Conference/Exhibition Centre,E01000002,City of London 001B,Investigation complete; no suspect identified
57361e6349f7229b6f898eab73be1f6d1a9735ec69f0397eecc0534dae7a57d9,2023-07,City of London Police,City of London Police,-0.091498,51.520483,On or near Conference/Exhibition Centre,E01000002,City of London 001B,Investigation complete; no suspect identified
3c530a764d13d699e56d220930f50c9b11659ceea05be0dbe166118e4871ef4c,2023-07,City of London Police,City of London Police,-0.102726,51.513911,On or near Pageantmaster Court,E01032740,City of London 001G,Investigation complete; no suspect identified
c929881b31da55a24b3ceb87ce7b064a9090f6a7bde56e22ad5ad57cb5fae6b0,2023-07,City of London Police,City of London Police,-0.097078,51.519045,On or near A1,E01000001,City of London 001A,Investigation complete; no suspect identified
4cef587f8dddb4a58b020255f4db660e21fb140230f20e4d1069673ff68ed2db,2023-07,City of London Police,City of London Police,-0.084844,51.510725,On or near Eastcheap,E01032739,City of London 001F,Investigation complete; no suspect identified
55df071c1421cf71aaa757f0d2c216fd87561fafcab33659ba1d6bac1beff963,2023-07,City of London Police,City of London Police,-0.106076,51.517239,On or near Conference/Exhibition Centre,E01032740,City of London 001G,Investigation complete; no suspect identified
5a1c9cc783ee0af968c460230c16eea54ba0f9935e0378c55ebdc8e112d33423,2023-07,City of London Police,City of London Police,-0.081902,51.517296,On or near Liverpool Street,E01032739,City of London 001F,Investigation complete; no suspect identified
8fe76d5c0f9e23d7e6238e6eb4257bc1bf29a70365adaab7cc3258db6dacb5c1,2023-07,City of London Police,City of London Police,-0.111596,51.518281,On or near Chancery Lane,E01000914,Camden 028B,Investigation complete; no suspect identified
56d8b467db02fc3b3488dec6071772a1c722edf3c96f53257836c14b45ca1b18,2023-07,City of London Police,City of London Police,-0.100588,51.512636,On or near Addle Hill,E01032739,City of London 001F,Investigation complete; no suspect identified
ad4952be7e46195bcbb32ab66642fabf7466e6c4d08b7e98aff7512164d07c00,2023-07,City of London Police,City of London Police,-0.099803,51.519026,On or near Cloth Fair,E01032740,City of London 001G,Investigation complete; no suspect identified
d8f2ba547bda4d8211cfacb099adca13f0c4b00381c701a1b2b81fa3173e3dd8,2023-07,City of London Police,City of London Police,-0.110350,51.518090,On or near Holborn,E01000917,Camden 027C,Investigation complete; no suspect identified
eeb63594d39b8dc52603ee1bcfe22283a8eb15aafdecc203f3e03b6987346879,2023-07,City of London Police,City of London Police,-0.088785,51.517102,On or near Moorgate,E01032739,City of London 001F,Investigation complete; no suspect identified
872c7b976ca3a5f3c34e2ad9b7c2d56102d056a5d62b6e832bf86aef0c9b2d4d,2023-07,City of London Police,City of London Police,-0.101906,51.511794,On or near Theatre/Concert Hall,E01032739,City of London 001F,Investigation complete; no suspect identified
eea01f55a513dfc5775e0f0caffe5ce3ae2cc2ee7c7430d5cca21a3c53b49115,2023-07,City of London Police,City of London Police,-0.091823,51.514427,On or near Ironmonger Lane,E01032739,City of London 001F,Investigation complete; no suspect identified
c4f28a1eceb0c05f6482e09afa3a75107d41b7df973fd44ba2cec5bd52201462,2023-07,City of London Police,City of London Police,-0.105131,51.513941,On or near Bride Lane,E01032740,City of London 001G,Investigation complete; no suspect identified
3141d27d777480c374ce717bf00d74f4eaee76ec8ad3f94efbc3c645cf7c60d8,2023-07,City of London Police,City of London Police,-0.091495,51.518145,On or near Fore Street,E01000002,City of London 001B,Investigation complete; no suspect identified
4b2956caa4ddd0521e404adbe0553a383c519fab694c1417b5fc81aa5eefe395,2023-07,City of London Police,City of London Police,-0.086019,51.513631,On or near Finch Lane,E01032739,City of London 001F,Investigation complete; no suspect identified
1e14587be92b767e19daa4a8d36ca6077dde6b25f600e0dd55cdcb1fdc9aa925,2023-07,City of London Police,City of London Police,-0.094130,51.519961,On or near Theatre/Concert Hall,E01000002,City of London 001B,Unable to prosecute suspect
a08b7242145ad73c581195fd8c7d269047c6045687072c1b7a2f3867611ae01f,2023-07,City of London Police,City of London Police,-0.087157,51.512624,On or near Lombard Street,E01032739,City of London 001F,Investigation complete; no suspect identified
68032487adc95bda748820c01a071c8b6cfb31980d4a0df45eabba2f22c2149d,2023-07,City of London Police,City of London Police,-0.095054,51.510559,On or near Queenhithe,E01032739,City of London 001F,Investigation complete; no suspect identified
c2354d2e599abb4c1402a7fe5d6b664acbd5bdcfd81bbf8c0e59a5ab67b4dc5b,2023-07,City of London Police,City of London Police,-0.086815,51.517007,On or near Circus Place,E01032739,City of London 001F,Investigation complete; no suspect identified
8007e423ce436596a7acf34ded45c292fe56643ae032176b05e6012f13608828,2023-07,City of London Police,City of London Police,-0.081113,51.516869,On or near Bishopsgate,E01032739,City of London 001F,Investigation complete; no suspect identified
98496f256504c1c04458ec807e6dadb7263bb763537637ae069dd2cd1aac72fa,2023-07,City of London Police,City of London Police,-0.079521,51.511196,On or near New London Street,E01032739,City of London 001F,Investigation complete; no suspect identified
b6da30a8d99cd22f96a64654ec49b6e78d4ae051bf3470cff4d8e5791b95f308,2023-07,City of London Police,City of London Police,-0.074483,51.512066,On or near Haydon Street,E01000005,City of London 001E,Investigation complete; no suspect identified
7840c7856336c887dc22cd34a048e94afa1fe805e557537ee534790cee09f5aa,2023-07,City of London Police,City of London Police,-0.079907,51.517785,On or near Victoria Avenue,E01032739,City of London 001F,Action to be taken by another organisation
29e1dba99e27d1b5700d8454c3b56afca020bf9ace1c53bd9a0e177d3dd2ea1c,2023-07,City of London Police,City of London Police,-0.073717,51.510084,On or near Shorter Street,E01000005,City of London 001E,Investigation complete; no suspect identified
c75eced8d4cfd256d64cd4132aef6f94f5b53381cffa205e3f957eb2372d1014,2023-07,City of London Police,City of London Police,-0.079138,51.508312,On or near Lower Thames Street,E01032739,City of London 001F,Investigation complete; no suspect identified
7b436e1652e5bc19f8af87e769c57bd97496850709f165d040a01aa61e4fa2c7,2023-07,City of London Police,City of London Police,-0.106076,51.517239,On or near Conference/Exhibition Centre,E01032740,City of London 001G,Investigation complete; no suspect identified
df88770b7bdc87ac956b547c1d0fabec1cf45025cc75e759cc2935d2f1d9c3a9,2023-07,City of London Police,City of London Police,-0.078278,51.513666,On or near Mitre Street,E01032739,City of London 001F,Investigation complete; no suspect identified
68a271b05408a728108320ff6ad7a3f20e8ca6dbac4c44022a94ed8c311c0922,2023-07,City of London Police,City of London Police,-0.091498,51.520483,On or near Conference/Exhibition Centre,E01000002,City of London 001B,Unable to prosecute suspect
283db120550c0ce9a94e94125e17721d62bc9e976f4c18c0a99b2e37607354a1,2023-07,City of London Police,City of London Police,-0.091498,51.520483,On or near Conference/Exhibition Centre,E01000002,City of London 001B,Unable to prosecute suspect
c92faaecc31564078d1dcfaede7abae2313c564a4c44e1eb1cf107d665938ad9,2023-07,City of London Police,City of London Police,-0.096917,51.510823,On or near Broken Wharf,E01032739,City of London 001F,Action to be taken by another organisation
dbea1a2afd9693bcf0c48a910a74ab5ff02610df3819703f8b5a3f79cbdb4420,2023-07,City of London Police,City of London Police,-0.077407,51.516215,On or near Harrow Place,E01000005,City of London 001E,Investigation complete; no suspect identified
30af3c35eb14f43a6b9f161729f665a3279c875d8286f60f875c1b0dc7c69fb1,2023-07,City of London Police,City of London Police,-0.076716,51.515178,On or near Gravel Lane,E01000005,City of London 001E,Unable to prosecute suspect
b1f8663edc6ba152ba2534352e3e48f80b042e790aaff01cf8896e3a9ea24e22,2023-07,City of London Police,City of London Police,-0.074925,51.514924,On or near St Botolph Street,E01000005,City of London 001E,Investigation complete; no suspect identified
5e7d103dafb223c9999f393cb8d344c2a33b71d46fdc8c72e9d9d851e9fb5b37,2023-07,City of London Police,City of London Police,-0.088785,51.517102,On or near Moorgate,E01032739,City of London 001F,Investigation complete; no suspect identified
4a77ad620934ebc8dd565e52bae90fe2b0ec214e32654d624fc431cd859137bb,2023-07,City of London Police,City of London Police,-0.079127,51.509607,On or near Byward Street,E01032739,City of London 001F,Unable to prosecute suspect
7c4a64726850da1b0f6fcb8c87480d51b4aac05f26c3271ae6918eaff2b65277,2023-07,City of London Police,City of London Police,-0.093339,51.511557,On or near Conference/Exhibition Centre,E01032739,City of London 001F,Unable to prosecute suspect
3bc5c6e3ad2c391798b48f30b02957b8727478614c3b369308c3c29cdf444ff7,2023-07,City of London Police,City of London Police,-0.081512,51.518692,On or near London Liverpool Street,E01032739,City of London 001F,Investigation complete; no suspect identified
a9c0daf06c3aca7b5ef8dbb15c0bf88c1f8396984c3c6be52df7a5878aeae844,2023-07,City of London Police,City of London Police,-0.082648,51.520455,On or near Earl Street,E01033708,Hackney 033C,Investigation complete; no suspect identified
4821ddc24b6f1c9e69812140c44995960f126aeb304a6351173bd52d803ff8e1,2023-07,City of London Police,City of London Police,-0.074330,51.513647,On or near Little Somerset Street,E01000005,City of London 001E,Unable to prosecute suspect
3e10ac63585a6dc36cc6e71975185f9fc78e9b93cceb95067b34d127e2512ce1,2023-07,City of London Police,City of London Police,,,No location,,,Unable to prosecute suspect
a5243dfb7cd976423e3e29faff41f716de0861790d478936912611531810bb36,2023-07,City of London Police,City of London Police,-0.094070,51.513079,On or near Watling Street,E01032739,City of London 001F,Investigation complete; no suspect identified
8611ea2f97f003ca79676af7a247d621a65c82760bfb78cf5cddeb028185f783,2023-07,City of London Police,City of London Police,-0.090578,51.509722,On or near Allhallows Lane,E01032739,City of London 001F,Investigation complete; no suspect identified
e63cbe8f6f4068820fa3ecbe2bd519f44be65205be2847f48d57fc1e6a191598,2023-07,City of London Police,City of London Police,-0.109913,51.516806,On or near Norwich Street,E01032740,City of London 001G,Investigation complete; no suspect identified
2065d5cc1dded157f1356d0af85b11dfb35c8cad176605c1ae61ba2d4c8f7c25,2023-07,City of London Police,City of London Police,-0.089808,51.517461,On or near London Wall,E01032739,City of London 001F,Unable to prosecute suspect
aa7725d7a3ad2496aa94cc90b7b74740e529fa071d9f15a0649929ef9069ea70,2023-07,City of London Police,City of London Police,-0.082993,51.516360,On or near Wormwood Street,E01032739,City of London 001F,Unable to prosecute suspect
0cbfd00d8205de581c18c9358e6861fa45367a8be8834df441bcb15679d21907,2023-07,City of London Police,City of London Police,-0.084754,51.512882,On or near Corbet Court,E01032739,City of London 001F,Investigation complete; no suspect identified
cf579ca6223e83ba494c43541268e6fc921eab85c7e689ae56f6972d9e407afb,2023-07,City of London Police,City of London Police,,,No location,,,Investigation complete; no suspect identified
addb96eea0c1666d5f80a1b4f25c04a988186f127ea80cdd2c4527a8f71f4b3d,2023-07,City of London Police,City of London Police,-0.081512,51.518692,On or near London Liverpool Street,E01032739,City of London 001F,Investigation complete; no suspect identified
40d9efbea9a202683d169e2e402ef05bc7072bb8221312e6155a2d53bc624f9f,2023-07,City of London Police,City of London Police,-0.088456,51.514975,On or near Tokenhouse Yard,E01032739,City of London 001F,Investigation complete; no suspect identified
227638b8c02f489671faf93dafa1739e40de285d7185ab043733f5f41c2ac4ef,2023-07,City of London Police,City of London Police,-0.083349,51.514830,On or near Shopping Area,E01032739,City of London 001F,Investigation complete; no suspect identified
cb1b9ca38b0a8ab2ebafc253586f03373f74aa5c5e2c952acb3c7e28f35bfb3d,2023-07,City of London Police,City of London Police,-0.056816,51.561801,On or near Clapton,E01001798,Hackney 028A,Unable to prosecute suspect
b81fb511b6b5975af56204ec786f0561cbcb3855258c34a488710db4229b5fad,2023-07,City of London Police,City of London Police,-0.080291,51.514814,On or near Bury Court,E01032739,City of London 001F,Unable to prosecute suspect
519f70803a777c9ae37e1a1d97ec6b3ecce66682951928cb6bbfc1e4b9846cca,2023-07,City of London Police,City of London Police,-0.109164,51.517846,On or near Holborn,E01032740,City of London 001G,Action to be taken by another organisation
8bbe559b9ba955ad4b3e7f18c3beadee06e500cde1bbda34987790e2eb479eec,2023-07,City of London Police,City of London Police,-0.109164,51.517846,On or near Holborn,E01032740,City of London 001G,Action to be taken by another organisation
b0b30b2aa9461c63bf28d6cea1c630372e9ddf63059a0b66c249fb74343e181d,2023-07,City of London Police,City of London Police,-0.082648,51.520455,On or near Earl Street,E01033708,Hackney 033C,Investigation complete; no suspect identified
bf3372cdef86da397a2d71a9a0e541ee271a52f00a1abef49e93eab0b13e850f,2023-07,City of London Police,City of London Police,-0.081113,51.516869,On or near Bishopsgate,E01032739,City of London 001F,Unable to prosecute suspect
5d99ce10e2e83ef5d467210a8f4a95f0b11aa92638ab25942c9a3c21511b20ad,2023-07,City of London Police,City of London Police,-0.079883,51.517326,On or near New Street,E01032739,City of London 001F,Unable to prosecute suspect
b137c9c2b62d4fc7873c72a09c599f6727ade03d0011b85e186cd5d63708bb13,2023-07,City of London Police,City of London Police,-0.095924,51.513882,On or near Shopping Area,E01032739,City of London 001F,Investigation complete; no suspect identified
bb7c063ec96450448805b1e383bcf023b9ee33dc4fe277b3b2c679facda35a00,2023-07,City of London Police,City of London Police,-0.081113,51.516869,On or near Bishopsgate,E01032739,City of London 001F,Unable to prosecute suspect
2290e90c1721ab73f2a1e085e49a9585560e01586699aa7a251c1f2a684fabc9,2023-07,City of London Police,City of London Police,-0.075080,51.512625,On or near St Clare Street,E01000005,City of London 001E,Investigation complete; no suspect identified
22f4a1ea2da47d1aa07183d9304d6e68840a45f63991951806729a5203df5e30,2023-07,City of London Police,City of London Police,-0.102812,51.517051,On or near Police Station,E01032740,City of London 001G,Investigation complete; no suspect identified
e3f279ddcbc8b8269c8ffc160af8ccf9c2fc3829e8cd90c9ed1d4ccf232b336d,2023-07,City of London Police,City of London Police,-0.097291,51.514626,On or near Supermarket,E01032739,City of London 001F,Unable to prosecute suspect
a3a953f78d06ba9d21fbfbdc1cba9053fd2867814f0b15b78757fd55466b944b,2023-07,City of London Police,City of London Police,-0.091540,51.511896,On or near Cannon Street,E01032739,City of London 001F,Investigation complete; no suspect identified
74eff83f1c40ebcc77af22afe85aaf8921295a40ff61f2d4c87bc0ff511698e1,2023-07,City of London Police,City of London Police,-0.100201,51.513286,On or near Dean's Court,E01032739,City of London 001F,Investigation complete; no suspect identified
2604897a59562ec85804a98f58213bc3445219790997d245c4d042c4c889959c,2023-07,City of London Police,City of London Police,-0.077804,51.518083,On or near Sandy's Row,E01032739,City of London 001F,Investigation complete; no suspect identified
28116286f17310ddd6d6ffadb1ec780a91c9f8c84dab0d4db2aabc1d26066db3,2023-07,City of London Police,City of London Police,-0.090553,51.518948,On or near Moor Lane,E01000002,City of London 001B,Investigation complete; no suspect identified
9e4fe919f85861bf7ddbad6be7fb19027f4b67d1c4c882c9396852959055334e,2023-07,City of London Police,City of London Police,-0.084836,51.511939,On or near Shopping Area,E01032739,City of London 001F,Investigation complete; no suspect identified
52b6d54de66ab9a7e71331c00b601e204c21ad48c5fcb4fa827ac8d40be365f5,2023-07,City of London Police,City of London Police,-0.081113,51.516869,On or near Bishopsgate,E01032739,City of London 001F,Unable to prosecute suspect
87f9e44898887b3910ec38d5afaf9b99e27868d703668224e73a29cc3d51b532,2023-07,City of London Police,City of London Police,,,No location,,,Investigation complete; no suspect identified
76414ba57944ecb41885b53b19a774442054f8c136b9aae2498ff447c27b0463,2023-07,City of London Police,City of London Police,-0.079838,51.514267,On or near Bury Street,E01032739,City of London 001F,Unable to prosecute suspect
0e2c52db392e59ebca0476203860ab9263debcd9c45054e181afdc9605df5d0a,2023-07,City of London Police,City of London Police,-0.095224,51.513736,On or near Shopping Area,E01032739,City of London 001F,Investigation complete; no suspect identified
db6411d57af805a3feeb17d4824e9ab42d281946598542d11be862261cca1909,2023-07,City of London Police,City of London Police,-0.079907,51.517785,On or near Victoria Avenue,E01032739,City of London 001F,Further investigation is not in the public interest
1dc8a2b53f718ae38118d27f97f884e0b22f22a4e340e354e77c7d86a3d177f0,2023-07,City of London Police,City of London Police,-0.104980,51.512033,On or near Kingscote Street,E01032740,City of London 001G,Investigation complete; no suspect identified
0fee2c48e31670e11c441aed74c0762bad10e6c52abe74f6e7bb4c7b77a761d0,2023-07,City of London Police,City of London Police,-0.095924,51.513882,On or near Shopping Area,E01032739,City of London 001F,Unable to prosecute suspect
7497bb5c18714ad7eed98713dfd76b493f484994468674c28d74c823bc7661b3,2023-07,City of London Police,City of London Police,-0.077959,51.511332,On or near Crutched Friars,E01032739,City of London 001F,Unable to prosecute suspect
97d708d34054d4eaa731f025dac59b4ca408a570dbacff4e655e4a975642463c,2023-07,City of London Police,City of London Police,-0.078755,51.518440,On or near Artillery Lane,E01032739,City of London 001F,Investigation complete; no suspect identified
dd918e73985b6e41cd2030ae49961ba15c3c24e95974c8e225970482d79a1278,2023-07,City of London Police,City of London Police,,,No location,,,Investigation complete; no suspect identified
d60cefffeb192b3c69829d0b3cde3f66772bc5ad750a3453462e6cfd1ee447b6,2023-07,City of London Police,City of London Police,-0.079907,51.517785,On or near Victoria Avenue,E01032739,City of London 001F,Investigation complete; no suspect identified
e02ffa7662b5770c8253cf97b3c9b75f4e4afea32685374a4c2ab82fac553f43,2023-07,City of London Police,City of London Police,-0.082993,51.516360,On or near Wormwood Street,E01032739,City of London 001F,Unable to prosecute suspect
765ba075b653314bb8315e088d8ee2bd40532f34cfa7cf0f638f4d000745373a,2023-07,City of London Police,City of London Police,-0.091947,51.513188,On or near Pancras Lane,E01032739,City of London 001F,Investigation complete; no suspect identified
4e165dfb36faa36e60dfffa3e30488f3ad5e9556cfe696f1ef77e7a445a7a6f8,2023-07,City of London Police,City of London Police,-0.078783,51.515383,On or near Houndsditch,E01000005,City of London 001E,Investigation complete; no suspect identified
23bf72c8b77566532e9a19e6b368dc768ef4af630f56a88f63bad2dda30904f2,2023-07,City of London Police,City of London Police,-0.079883,51.517326,On or near New Street,E01032739,City of London 001F,Unable to prosecute suspect
c3285063ada4253e7faecd1dcef29243126bb8d7e4dbc9981fe378231776f615,2023-07,City of London Police,City of London Police,-0.092488,51.520598,On or near Silk Street,E01000002,City of London 001B,Unable to prosecute suspect
88a4162b5018e5a6819637113cc51a8246e4c71dc198fd51d9514da3a46889c2,2023-07,City of London Police,City of London Police,-0.091947,51.513188,On or near Pancras Lane,E01032739,City of London 001F,Investigation complete; no suspect identified
0fac2a3d8abe812644fd75090b7e15ea6214bd8ece19e9fdcee0edaf17a8fbbe,2023-07,City of London Police,City of London Police,-0.107682,51.517786,On or near B521,E01000917,Camden 027C,Unable to prosecute suspect
c382037d11ef8c51f05f6794b94be11a2e89b94c3242afe6a4a1b077a80de9ea,2023-07,City of London Police,City of London Police,-0.085089,51.512105,On or near Gracechurch Street,E01032739,City of London 001F,Unable to prosecute suspect
8a7f4bd45e75998982ae4580e78cf3f20a6a36f6b53ba863aa4a11267e72a133,2023-07,City of London Police,City of London Police,-0.081643,51.510070,On or near Great Tower Street,E01032739,City of London 001F,Investigation complete; no suspect identified
a8dada6b634aebad8c2298e7d68899693cf596baa2216ee03344b87473b48049,2023-07,City of London Police,City of London Police,-0.089208,51.509744,On or near Angel Lane,E01032739,City of London 001F,Unable to prosecute suspect
580cf13af352381abe4b41886ea9dc6227eb64897063fd221ed64d0187366182,2023-07,City of London Police,City of London Police,-0.100201,51.513286,On or near Dean's Court,E01032739,City of London 001F,Unable to prosecute suspect
c4427926e6255e0f7b2de0e89cf8d76e79bd2a2ae84564eb58f81fa65ac1b233,2023-07,City of London Police,City of London Police,-0.075401,51.511164,On or near Supermarket,E01000005,City of London 001E,Unable to prosecute suspect
0173c123e475badd8b44db9e36f6adede8972c298aff0a5fe50447721274060c,2023-07,City of London Police,City of London Police,-0.102726,51.513911,On or near Pageantmaster Court,E01032740,City of London 001G,Investigation complete; no suspect identified
aa4a33700432dd650f2f70a08f23205dbdaa484c3bb4ffdc804e483c54e1bf5f,2023-07,City of London Police,City of London Police,-0.084836,51.511939,On or near Shopping Area,E01032739,City of London 001F,Unable to prosecute suspect
2bc44231e733bd624169f23e4975b2521c8d9d5724bf77c5a5ef91f282ae967c,2023-07,City of London Police,City of London Police,-0.101292,51.514770,On or near Amen Court,E01032739,City of London 001F,Unable to prosecute suspect
9f2435c00e28337f327bb53fe3e0c347816cd495d8f970c493927d1b52c45dc6,2023-07,City of London Police,City of London Police,-0.083600,51.509797,On or near St Mary At Hill,E01032739,City of London 001F,Investigation complete; no suspect identified
0052e6447ccd8ca7fe3317ccf282b9a62cd8892bad3f4be0d7e08764c11a49ad,2023-07,City of London Police,City of London Police,,,No location,,,Action to be taken by another organisation
517a9537cac31f3f3099ef36cb386a597cd914e18b3236b0d661b726b4b21a9e,2023-07,City of London Police,City of London Police,-0.083977,51.510441,On or near Lovat Lane,E01032739,City of London 001F,Investigation complete; no suspect identified
ad373e441777b3f81b9f9e88729c98846c4371f11234a258af16aa44dc1b9466,2023-07,City of London Police,City of London Police,-0.101589,51.513515,On or near Ludgate Square,E01032739,City of London 001F,Unable to prosecute suspect
ec95168f6034dbeaadfefeef3327eecc06f879c2fbd05aebc8b33acbe0572fd4,2023-07,City of London Police,City of London Police,-0.101589,51.513515,On or near Ludgate Square,E01032739,City of London 001F,Unable to prosecute suspect
dc220b043c719ef950aee5be71bb541c06cb5c36f465ab4b9404face2b852151,2023-07,City of London Police,City of London Police,,,No location,,,Investigation complete; no suspect identified
23894304c9a3c7eaf3c69decc9b42042e300af9593bbf83a7245c09a97a6141b,2023-07,City of London Police,City of London Police,-0.101589,51.513515,On or near Ludgate Square,E01032739,City of London 001F,Unable to prosecute suspect
923d64945a65b9f38cf3e6c6127693c8d225e299869d275dcb68d64097bc3169,2023-07,City of London Police,City of London Police,-0.090105,51.520001,On or near Milton Court,E01000002,City of London 001B,Further investigation is not in the public interest
c81854d2c727fc6f38383a402b1658ffefc101fd2ce78ba5faccbcf45c771c0c,2023-07,City of London Police,City of London Police,-0.099803,51.519026,On or near Cloth Fair,E01032740,City of London 001G,Unable to prosecute suspect
eb6151fd7fcab4e83f514b3852b96adb733cfefafb148e13511de927e805a92c,2023-07,City of London Police,City of London Police,,,No location,,,Investigation complete; no suspect identified
1ec946d89c7b0fcb6f4697b3edb8343ddce3a9e7a43b005e3291e4a9a1eb0077,2023-07,City of London Police,City of London Police,-0.081113,51.516869,On or near Bishopsgate,E01032739,City of London 001F,Unable to prosecute suspect
1959df7e771c409586a6b8038be6df112b4e6f954293e755b7e57268bac489c6,2023-07,City of London Police,City of London Police,-0.111567,51.513757,On or near Middle Temple Lane,E01004735,Westminster 018B,Action to be taken by another organisation
162d2b3b647bb465d7a865b0a1dbae2945e8959af6f91a30f320214183e5505b,2023-07,City of London Police,City of London Police,-0.081973,51.515948,On or near A10,E01032739,City of London 001F,Unable to prosecute suspect
28e6bfdf71224229b05578aba032785e08d2ba93a37da623fcee22300c1a9938,2023-07,City of London Police,City of London Police,-0.081113,51.516869,On or near Bishopsgate,E01032739,City of London 001F,Unable to prosecute suspect
5f93a94215d61a624c70c1ff7dedcde60e67b78c994195fea92854806ad1c73c,2023-07,City of London Police,City of London Police,-0.077959,51.511332,On or near Crutched Friars,E01032739,City of London 001F,Action to be taken by another organisation
846b5a7756b95f196e22f29b48abdefc2048e35dc03caceb5071e07026eee5af,2023-07,City of London Police,City of London Police,-0.086175,51.510945,On or near GRACECHURCH STREET,E01032739,City of London 001F,Investigation complete; no suspect identified
35cbfe4bad97aa82a007d4dd9966aa320c23cbf848910f0e9aa05e034405b36b,2023-07,City of London Police,City of London Police,-0.112519,51.517568,On or near SOUTHAMPTON BUILDINGS,E01032740,City of London 001G,Further investigation is not in the public interest
1cc5251fdf4d241a842858fb25e151b2be1596a0815595b6800e1337a4ea0f1a,2023-07,City of London Police,City of London Police,,,No location,,,Action to be taken by another organisation
5a40c1d05114020d0e0b7287afda2493650584b92b0034714d6e010e3a5449f9,2023-07,City of London Police,City of London Police,-0.104252,51.516733,On or near Supermarket,E01032740,City of London 001G,Unable to prosecute suspect
8cb3936a89b27c0f061845db70e13fd71b3b6c9eeb39253b84304d14f5fc7ceb,2023-07,City of London Police,City of London Police,-0.108231,51.513928,On or near PLEYDELL STREET,E01032740,City of London 001G,Unable to prosecute suspect
0972f286d860a5359c22c2ff28142a87b8c0a53c180c119adabfe7425140ba06,2023-07,City of London Police,City of London Police,-0.081113,51.516869,On or near Bishopsgate,E01032739,City of London 001F,Suspect charged
7a737e371aea90758ffbc5231010925fb4c560d0af4882b5999a08495f09dfa9,2023-07,City of London Police,City of London Police,-0.090553,51.518948,On or near Moor Lane,E01000002,City of London 001B,Offender given a drugs possession warning
600612f484a8ce4ba4e6bfdffa75d2d45e9777778bd4de2b3c7c9ef4ad328349,2023-07,City of London Police,City of London Police,-0.074330,51.513647,On or near Little Somerset Street,E01000005,City of London 001E,Offender given a drugs possession warning
40e4613acca2e177677223e4d434763ecbafced14c29b508723df97c2f092bce,2023-07,City of London Police,City of London Police,,,No location,,,Offender given a drugs possession warning
deb6670a3e9f33cc08b66c9bf883b84369270fff2a653ef4c7972b9387414b91,2023-07,City of London Police,City of London Police,-0.081902,51.517296,On or near Liverpool Street,E01032739,City of London 001F,Offender given a drugs possession warning
291314711a4fd2f9000da67e14fa12c832e02b56a02b6ef0318f79a591fe3724,2023-07,City of London Police,City of London Police,-0.081902,51.517296,On or near Liverpool Street,E01032739,City of London 001F,Offender given a drugs possession warning
5ffff31847180000f2628f249f7060c9da6c40f5ffef92f6d8fe8e0bf5037d3f,2023-07,City of London Police,City of London Police,-0.091947,51.513188,On or near Pancras Lane,E01032739,City of London 001F,Suspect charged
cd7681e12ce46e9eb913bb297c71b76d0a36679eead929c8fb9a5b0feb13fd38,2023-07,City of London Police,City of London Police,-0.091495,51.518145,On or near Fore Street,E01000002,City of London 001B,Offender given a drugs possession warning
84209439d716f7050855f922ec2093bdb475c178e75e141ae3199ef0c61ebc26,2023-07,City of London Police,City of London Police,,,No location,,,Suspect charged
3f427db3c1f5a689a0dc1e28ed808f5c3f8f7bde5024934d0b207b97c57a87a3,2023-07,City of London Police,City of London Police,-0.095054,51.510559,On or near Queenhithe,E01032739,City of London 001F,Suspect charged
83b7a54e6303b4012b36c7b82a2ef7ab5a2eef1918ad407f91eea08cc40c2829,2023-07,City of London Police,City of London Police,,,No location,,,Suspect charged
2a2eabc7bf898dceb5ade5f1b6d14767c00ae965569c86f88de0d2130f911c0f,2023-07,City of London Police,City of London Police,-0.094130,51.519961,On or near Theatre/Concert Hall,E01000002,City of London 001B,Suspect charged
d9c2ef1f5b21eae08bfc53c7d39904d55dbacec99df205a1e4fc88f5eb60fc92,2023-07,City of London Police,City of London Police,-0.081113,51.516869,On or near Bishopsgate,E01032739,City of London 001F,Offender given a drugs possession warning
3793c68ece5be06c9e5d46548a327ffaff35674be90405cd2b3f4409af4770d7,2023-07,City of London Police,City of London Police,-0.096501,51.513874,On or near New Change,E01032739,City of London 001F,Suspect charged
1abc1a5dd4b99b9009708f66dc6b4260c6a1f68f8310452517c105da5c43f3f5,2023-07,City of London Police,City of London Police,-0.081902,51.517296,On or near Liverpool Street,E01032739,City of London 001F,Suspect charged
ea2559acccf5ad77384bc64858bc79fb8f9f714fcd760363662ac246dd76de1f,2023-07,City of London Police,City of London Police,-0.095054,51.510559,On or near Queenhithe,E01032739,City of London 001F,Suspect charged
d3f36f694d356fdf116bcccb593773f3d62f0651f4766d9a8f4de81497eb7ec4,2023-07,City of London Police,City of London Police,-0.108027,51.511884,On or near Temple Avenue,E01032740,City of London 001G,Offender given a drugs possession warning
f8e9372e9aafdef7a0adfaf9a6f0f5df3807c39fd560d854eae873f2800eaa0c,2023-07,City of London Police,City of London Police,-0.108027,51.511884,On or near Temple Avenue,E01032740,City of London 001G,Offender given a drugs possession warning
98acfdb79d6b77ecc95764a5d77303d6fc08ae13cea135aa3edb2135316b1157,2023-07,City of London Police,City of London Police,-0.095924,51.513882,On or near Shopping Area,E01032739,City of London 001F,Suspect charged
afd43c00795d9401518d16096d34e6649dd84d5872fcdce8a4f4a5695b697210,2023-07,City of London Police,City of London Police,-0.081512,51.518692,On or near London Liverpool Street,E01032739,City of London 001F,Offender given a caution
ce279dc0787e2afc29cdae558bea1526420f6ef8949659b018f1ae145575e9ef,2023-07,City of London Police,City of London Police,-0.081512,51.518692,On or near London Liverpool Street,E01032739,City of London 001F,Offender given a drugs possession warning
998b3d167287241f0015351b2db0587a2d42d80ef21786d8f0c1bcf758f80d30,2023-07,City of London Police,City of London Police,-0.076145,51.512642,On or near India Street,E01000005,City of London 001E,Offender given a drugs possession warning
e133cc95e31cc59d0bfda19c1db9f853470151f80a334d6a735d31b64d5a6542,2023-07,City of London Police,City of London Police,-0.095224,51.513736,On or near Shopping Area,E01032739,City of London 001F,Local resolution
1ee1f388a38a7bdce442289b2d62f48e898b1b96e852f61a423c71aa992bafa3,2023-07,City of London Police,City of London Police,-0.099803,51.519026,On or near Cloth Fair,E01032740,City of London 001G,Suspect charged
25abd912a4cb6f8fbf4a10d2c868e0f957412b95e99b7ac16da65ecaab948e91,2023-07,City of London Police,City of London Police,-0.081902,51.517296,On or near Liverpool Street,E01032739,City of London 001F,Offender given a drugs possession warning
3f0817cba7c579862f76d39ea153cf935878f0ef9c8802ecbac186411d323346,2023-07,City of London Police,City of London Police,-0.081902,51.517296,On or near Liverpool Street,E01032739,City of London 001F,Offender given a drugs possession warning
c02c6a940ef275a3422a6ffcad2c28d24cfa7a07ca436c6199a4897dc85cfbe4,2023-07,City of London Police,City of London Police,-0.095224,51.513736,On or near Shopping Area,E01032739,City of London 001F,Suspect charged
397740e724085c3079dc8b4e820060fab2e379908f8e189af325c50bccbd158f,2023-07,City of London Police,City of London Police,-0.079907,51.517785,On or near Victoria Avenue,E01032739,City of London 001F,Local resolution
397740e724085c3079dc8b4e820060fab2e379908f8e189af325c50bccbd158f,2023-07,City of London Police,City of London Police,-0.079907,51.517785,On or near Victoria Avenue,E01032739,City of London 001F,Local resolution
c921b9c9ea2e01af797806615df139f2eafeadf2e77ac12358a4523fb2bb45da,2023-07,City of London Police,City of London Police,-0.078849,51.516212,On or near Devonshire Square,E01000005,City of London 001E,Offender given a caution
c921b9c9ea2e01af797806615df139f2eafeadf2e77ac12358a4523fb2bb45da,2023-07,City of London Police,City of London Police,-0.078849,51.516212,On or near Devonshire Square,E01000005,City of London 001E,Offender given a caution
4cf171f42a9228f1a83f9a1a507bc9cf2cdb3ea135ae8ede0e072807717bdf82,2023-07,City of London Police,City of London Police,-0.082993,51.516360,On or near Wormwood Street,E01032739,City of London 001F,Suspect charged
358f4e8365753c65cf9a0ccb8ebd48b6fdaca78af94320a6fac22a3c4e0a19c3,2023-07,City of London Police,City of London Police,,,No location,,,Suspect charged
35ddcbf09c14b112c831f90720e27dfe7f8c33c1396616ca50ecccf1dc077c36,2023-07,City of London Police,City of London Police,-0.106997,51.522137,On or near Farringdon Road,E01002724,Islington 022D,Suspect charged
35ddcbf09c14b112c831f90720e27dfe7f8c33c1396616ca50ecccf1dc077c36,2023-07,City of London Police,City of London Police,-0.106997,51.522137,On or near Farringdon Road,E01002724,Islington 022D,Suspect charged
5049ae5602da6f52dd319040350f99bdbdcc326b171767022b47d3d305ae9477,2023-07,City of London Police,City of London Police,-0.079883,51.517326,On or near New Street,E01032739,City of London 001F,Suspect charged
93ac0561c7706f1ce86c6ebd15035f5e7c9e8fa77df26ff9424168a42fa9d979,2023-07,City of London Police,City of London Police,-0.089479,51.510864,On or near Gophir Lane,E01032739,City of London 001F,Suspect charged
cf37ebed13d3198382f846cc860b52331f090c61c48810b77cf0df2e07ba08fa,2023-07,City of London Police,City of London Police,-0.086815,51.517007,On or near Circus Place,E01032739,City of London 001F,Offender given a drugs possession warning
1097fd440e7bf6032e9f3075dd10361c8e7103a0313f0f903171210dd682509e,2023-07,City of London Police,City of London Police,-0.094070,51.513079,On or near Watling Street,E01032739,City of London 001F,Suspect charged
702e7e3a4e3df0c76d924a1f181ec72f2a81221a010a6d7acf95634d366b670b,2023-07,City of London Police,City of London Police,-0.079907,51.517785,On or near Victoria Avenue,E01032739,City of London 001F,Suspect charged
0c165eaee3b31c137f2f7549e03deb890dc961146a951c09af1cf0b3bdbc066e,2023-07,City of London Police,City of London Police,-0.107201,51.514092,On or near Conference/Exhibition Centre,E01032740,City of London 001G,Suspect charged
f5e614ddded2b21efd12e99a793af8c35a61135f73f7b7d7485be1183dc63bb2,2023-07,City of London Police,City of London Police,-0.079907,51.517785,On or near Victoria Avenue,E01032739,City of London 001F,Suspect charged
768e7885764466ddd840b43306d3128cb316f2afd0f0ce048c1c5214379626dd,2023-07,City of London Police,City of London Police,,,No location,,,Offender given a drugs possession warning
523004d5cc5f7b26aa01f42aa9ea5c54e91f72e80d88701912354540c357ad82,2023-07,City of London Police,City of London Police,-0.077070,51.510877,On or near Cooper's Row,E01032739,City of London 001F,Suspect charged
27494da96a9d2bf05ec9f721a27152a598fc4c7598871ed71e82de00eb8ff3d1,2023-07,City of London Police,City of London Police,-0.088456,51.514975,On or near Tokenhouse Yard,E01032739,City of London 001F,Suspect charged
27494da96a9d2bf05ec9f721a27152a598fc4c7598871ed71e82de00eb8ff3d1,2023-07,City of London Police,City of London Police,-0.088456,51.514975,On or near Tokenhouse Yard,E01032739,City of London 001F,Suspect charged
cff43b390505f95b7a699546535bb7c55e31347444f35bd227cb7c8a94a549d9,2023-07,City of London Police,City of London Police,-0.086815,51.517007,On or near Circus Place,E01032739,City of London 001F,Suspect charged
cff43b390505f95b7a699546535bb7c55e31347444f35bd227cb7c8a94a549d9,2023-07,City of London Police,City of London Police,-0.086815,51.517007,On or near Circus Place,E01032739,City of London 001F,Suspect charged
6fcb2e159db272737c9e836888155eec32bb03e46d0de45acfe9284655fd1755,2023-07,City of London Police,City of London Police,-0.095764,51.512549,On or near Friday Street,E01032739,City of London 001F,Suspect charged
6fcb2e159db272737c9e836888155eec32bb03e46d0de45acfe9284655fd1755,2023-07,City of London Police,City of London Police,-0.095764,51.512549,On or near Friday Street,E01032739,City of London 001F,Suspect charged
6f60e32ecb42609372a81849f5ce18e1c38a7a0d13a0effdcf5baa846001110d,2023-07,City of London Police,City of London Police,-0.089808,51.517461,On or near London Wall,E01032739,City of London 001F,Local resolution
9147acbd599e3a3db8a87b7efef97ace82be76078890bd23282c7ca394108526,2023-07,City of London Police,City of London Police,-0.101906,51.511794,On or near Theatre/Concert Hall,E01032739,City of London 001F,Offender given a drugs possession warning
f9f5da3c0a0a6414dcccd99fffb2b6cc11047a07bb0679675fe9fb2a0bfc9a77,2023-07,City of London Police,City of London Police,-0.077407,51.516215,On or near Harrow Place,E01000005,City of London 001E,Suspect charged
a4d1a1965587defed8da2ce4ba22e1d1133403a29a7e8dd9cf6d5a8bdd6e05cb,2023-07,City of London Police,City of London Police,-0.096501,51.513874,On or near New Change,E01032739,City of London 001F,Suspect charged
2eaca38205139fa6bedac741a13993da066c1eeb58c4182f6bfe677a44674825,2023-07,City of London Police,City of London Police,-0.077372,51.512590,On or near Carlisle Avenue,E01032739,City of London 001F,Offender given a caution
7297d53c748fd87a75c0e8f069bd94206d6028a1c3afa38875c984541698f6ac,2023-07,City of London Police,City of London Police,-0.089822,51.516103,On or near Coleman Street,E01032739,City of London 001F,Suspect charged
0f545aab3e8637438d679ddb51a3c682eda977354adb0ac9c77c363a9de10629,2023-07,City of London Police,City of London Police,-0.079907,51.517785,On or near Victoria Avenue,E01032739,City of London 001F,Offender given a caution
55f20e1f4299bb9db0115e42d30bebe726b7c450c93de0f30b74f70c7b5c6c88,2023-07,City of London Police,City of London Police,0.065911,51.564461,On or near Further/Higher Educational Building,E01003788,Redbridge 029D,Suspect charged
55f20e1f4299bb9db0115e42d30bebe726b7c450c93de0f30b74f70c7b5c6c88,2023-07,City of London Police,City of London Police,0.065911,51.564461,On or near Further/Higher Educational Building,E01003788,Redbridge 029D,Suspect charged
0a516fa7d456278b645a7d8c61b0b873ba0ca4acb5b2ae1cf5e35b4b609307a4,2023-07,City of London Police,City of London Police,-0.104980,51.512033,On or near Kingscote Street,E01032740,City of London 001G,Suspect charged
e936467e062f0336843b88a4dcdef5ab517533e1da1ff4c233d68f0fc6d1016b,2023-07,City of London Police,City of London Police,-0.081113,51.516869,On or near Bishopsgate,E01032739,City of London 001F,Local resolution
14921dff92f704a274e0ab7c7f88170409b6e97aeec6e6065e9aac7b091092b7,2023-07,City of London Police,City of London Police,-0.081902,51.517296,On or near Liverpool Street,E01032739,City of London 001F,Suspect charged
c51c58caffc5f442c7a49b9843425de7f712f26fe341e3ce2d281ecc036d6192,2023-07,City of London Police,City of London Police,-0.079907,51.517785,On or near Victoria Avenue,E01032739,City of London 001F,Suspect charged
7b68e7aacad71a5d5faab1069ff4122d27f6671e560c23baf0a19bccd983aa4f,2023-07,City of London Police,City of London Police,-0.084754,51.512882,On or near Corbet Court,E01032739,City of London 001F,Suspect charged
bf8a39c22f6c6213a2d73065536752a1655cffa641e1c9447cbdb1ecd8fd72ab,2023-07,City of London Police,City of London Police,-0.088785,51.517102,On or near Moorgate,E01032739,City of London 001F,Offender given a drugs possession warning
91308c44f6db4e44cbe88f2ddfe98e520df2286f213c0e714c64037af0a35054,2023-07,City of London Police,City of London Police,-0.081902,51.517296,On or near Liverpool Street,E01032739,City of London 001F,Suspect charged
32aa8e6ad23e851b362bf689209c7f2ba4e90a01cee88c6fd43a4671571bffd7,2023-07,City of London Police,City of London Police,,,No location,,,Suspect charged
66ec4ee710e212324fa37598056a74e7f74493dd2c25748a44642f3c3920a39e,2023-07,City of London Police,City of London Police,-0.081902,51.517296,On or near Liverpool Street,E01032739,City of London 001F,Suspect charged
f3ff10340f654d125ca5118cab849725b3e649ba075e2b990b09f11df51d8066,2023-07,City of London Police,City of London Police,-0.081902,51.517296,On or near Liverpool Street,E01032739,City of London 001F,Offender given a caution
9bba19ae6b8855eef41e56315b4445a1dc20ab965868457eeb097273e89e70ba,2023-07,City of London Police,City of London Police,-0.072542,51.513100,On or near Further/Higher Educational Building,E01032767,Tower Hamlets 021F,Suspect charged
a385b9ea97c2262b434633bdc3636adbf673c7c1ca384926d4b0ef9c0db9cd77,2023-07,City of London Police,City of London Police,-0.097290,51.521575,On or near Fann Street,E01000001,City of London 001A,Suspect charged
685594cbd64baef91494ebf8cc9b317efd27a0618e8f0866e4b4f649050e5f7c,2023-07,City of London Police,City of London Police,-0.078424,51.518093,On or near Widegate Street,E01032739,City of London 001F,Suspect charged
9a8c5ec1da2a6c60005e604a916cac74bf81acc39dc1782e1e0a181001c3220f,2023-07,City of London Police,City of London Police,-0.112939,51.518231,On or near SOUTHAMPTON BUILDINGS,E01032740,City of London 001G,Suspect charged
9a8c5ec1da2a6c60005e604a916cac74bf81acc39dc1782e1e0a181001c3220f,2023-07,City of London Police,City of London Police,-0.112939,51.518231,On or near SOUTHAMPTON BUILDINGS,E01032740,City of London 001G,Suspect charged
